<?xml version="1.0"?>
<Manifest xmlns:xsi="http://www.w3.org/2001/XMLSchema-instance" xmlns:xsd="http://www.w3.org/2001/XMLSchema" xmlns="urn:Declaration:datamodel:standard:CN:MT4401:1">
  <Head>
    <MessageID>CN_MT4401_1p0_0100000000000_20170222101820084</MessageID>
    <FunctionCode>3</FunctionCode>
    <MessageType>MT4401</MessageType>
    <SenderID>0100000000000_0000000000</SenderID>
    <ReceiverID>EPORT</ReceiverID>
    <SendTime>20170222101820084</SendTime>
    <Version>1.0</Version>
  </Head>
  <Declaration>
    <DeclarationOfficeID>0100</DeclarationOfficeID>
    <ID>ZTDTEST0420</ID>
    <AdditionalInformation>
      <Content>note</Content>
    </AdditionalInformation>
    <RepresentativePerson>
      <Name>北京测试企业1</Name>
    </RepresentativePerson>
  </Declaration>
</Manifest>