<?xml version="1.0"?>
<Manifest xmlns:xsi="http://www.w3.org/2001/XMLSchema-instance" xmlns:xsd="http://www.w3.org/2001/XMLSchema" xmlns="urn:Declaration:datamodel:standard:CN:MT4403:1">
  <Head>
    <MessageID>CN_MT4403_1p0_0100000000000_20170222103057813</MessageID>
    <FunctionCode>2</FunctionCode>
    <MessageType>MT4403</MessageType>
    <SenderID>0100000000000_0000000000</SenderID>
    <ReceiverID>EPORT</ReceiverID>
    <SendTime>20170222103057813</SendTime>
    <Version>1.0</Version>
  </Head>
  <Declaration>
    <DeclarationOfficeID>0100</DeclarationOfficeID>
    <ID>ZTDTEST0420</ID>
    <AdditionalInformation>
      <Content>note</Content>
    </AdditionalInformation>
    <Carrier>
      <ID>444444/4</ID>
    </Carrier>
    <Consignment>
      <BorderTransportMeans>
        <ArrivalDateTime>20141212111111</ArrivalDateTime>
        <ID>YUNSHUGONGJU1</ID>
        <Name>运输工具名称1</Name>
        <TypeCode>3</TypeCode>
        <Master>
          <ID>112000110</ID>
          <Name>蔡晓坡</Name>
        </Master>
        <TransportEquipment>
          <ID>TUO1</ID>
          <TareWeight unitCode="KGM">11122</TareWeight>
          <TypeCode>02</TypeCode>
        </TransportEquipment>
        <TransportEquipment>
          <ID>TUO2</ID>
          <TareWeight unitCode="KGM">23333</TareWeight>
          <TypeCode>01</TypeCode>
        </TransportEquipment>
        <TransportEquipment>
          <ID>TUO3</ID>
          <TareWeight unitCode="KGM">23999</TareWeight>
          <TypeCode>03</TypeCode>
        </TransportEquipment>
      </BorderTransportMeans>
    </Consignment>
    <RepresentativePerson>
      <Name>北京测试企业1</Name>
    </RepresentativePerson>
  </Declaration>
</Manifest>