<?xml version="1.0"?>
<Manifest xmlns:xsi="http://www.w3.org/2001/XMLSchema-instance" xmlns:xsd="http://www.w3.org/2001/XMLSchema" xmlns="urn:Declaration:datamodel:standard:CN:MT8401:1">
  <Head>
    <MessageID>CN_MT8401_1p0_0100000000000_20170222095318973</MessageID>
    <FunctionCode>2</FunctionCode>
    <MessageType>MT8401</MessageType>
    <SenderID>0100000000000_0000000000</SenderID>
    <ReceiverID>EPORT</ReceiverID>
    <SendTime>20170222095318973</SendTime>
    <Version>1.0</Version>
  </Head>
  <Declaration>
    <DeclarationOfficeID>0100</DeclarationOfficeID>
    <ID>ZTDTEST0420</ID>
    <AdditionalInformation>
      <Content>备注测试</Content>
    </AdditionalInformation>
    <BorderTransportMeans>
      <TypeCode>3</TypeCode>
    </BorderTransportMeans>
    <Consignment>
      <TransportContractDocument>
        <ID>T11</ID>
      </TransportContractDocument>
    </Consignment>
    <Consignment>
      <TransportContractDocument>
        <ID>T22</ID>
      </TransportContractDocument>
    </Consignment>
  </Declaration>
</Manifest>