<?xml version="1.0"?>
<Manifest xmlns:xsi="http://www.w3.org/2001/XMLSchema-instance" xmlns:xsd="http://www.w3.org/2001/XMLSchema" xmlns="urn:Declaration:datamodel:standard:CN:MT1401:1">
  <Head>
    <MessageID>CN_MT1401_1p0_0100000000000_20170221163506619</MessageID>
    <FunctionCode>5</FunctionCode>
    <MessageType>MT1401</MessageType>
    <SenderID>0100000000000_0000000000</SenderID>
    <ReceiverID>EPORT</ReceiverID>
    <SendTime>20170221163506619</SendTime>
    <Version>1.0</Version>
  </Head>
  <Declaration>
    <DeclarationOfficeID>0100</DeclarationOfficeID>
    <ID>ZTDTEST0420</ID>
    <BorderTransportMeans>
      <TypeCode>3</TypeCode>
    </BorderTransportMeans>
    <Consignment>
      <BorderTransportMeans>
        <Itinerary>
          <RoutingCountryCode>AD</RoutingCountryCode>
          <RoutingCountryCode>AD</RoutingCountryCode>
          <RoutingCountryCode>AD</RoutingCountryCode>
          <RoutingCountryCode>AD</RoutingCountryCode>
        </Itinerary>
      </BorderTransportMeans>
      <Consignee>
        <Communication>
          <ID>13912541242</ID>
          <TypeID>TE</TypeID>
        </Communication>
        <Contact>
          <Communication>
            <ID>13912541299</ID>
            <TypeID>EM</TypeID>
          </Communication>
        </Contact>
      </Consignee>
      <ConsignmentItem>
        <SequenceNumeric>1</SequenceNumeric>
      </ConsignmentItem>
      <ConsignmentItem>
        <SequenceNumeric>2</SequenceNumeric>
      </ConsignmentItem>
      <ConsignmentItem>
        <SequenceNumeric>3</SequenceNumeric>
      </ConsignmentItem>
      <Consignor>
        <Communication>
          <ID>13912541288</ID>
          <TypeID>TE</TypeID>
        </Communication>
      </Consignor>
      <NotifyParty>
        <Communication>
          <ID>13912541288</ID>
          <TypeID>TE</TypeID>
        </Communication>
      </NotifyParty>
      <TransportContractDocument>
        <ID>T11</ID>
        <Amendment>
          <ChangeReasonCode>001</ChangeReasonCode>
        </Amendment>
      </TransportContractDocument>
      <UNDGContact>
        <Communication>
          <ID>13912541288</ID>
          <TypeID>TE</TypeID>
        </Communication>
      </UNDGContact>
    </Consignment>
    <Consignment>
      <BorderTransportMeans>
        <Itinerary>
          <RoutingCountryCode>AD</RoutingCountryCode>
          <RoutingCountryCode>AD</RoutingCountryCode>
          <RoutingCountryCode>AD</RoutingCountryCode>
          <RoutingCountryCode>AD</RoutingCountryCode>
        </Itinerary>
      </BorderTransportMeans>
      <Consignee>
        <Communication>
          <ID>13912541242</ID>
          <TypeID>TE</TypeID>
        </Communication>
        <Contact>
          <Communication>
            <ID>13912541299</ID>
            <TypeID>EM</TypeID>
          </Communication>
        </Contact>
      </Consignee>
      <ConsignmentItem>
        <SequenceNumeric>1</SequenceNumeric>
      </ConsignmentItem>
      <ConsignmentItem>
        <SequenceNumeric>2</SequenceNumeric>
      </ConsignmentItem>
      <ConsignmentItem>
        <SequenceNumeric>3</SequenceNumeric>
      </ConsignmentItem>
      <Consignor>
        <Communication>
          <ID>13912541288</ID>
          <TypeID>TE</TypeID>
        </Communication>
      </Consignor>
      <NotifyParty>
        <Communication>
          <ID>13912541288</ID>
          <TypeID>TE</TypeID>
        </Communication>
      </NotifyParty>
      <TransportContractDocument>
        <ID>T22</ID>
        <Amendment>
          <ChangeReasonCode>001</ChangeReasonCode>
        </Amendment>
      </TransportContractDocument>
      <UNDGContact>
        <Communication>
          <ID>13912541288</ID>
          <TypeID>TE</TypeID>
        </Communication>
      </UNDGContact>
    </Consignment>
    <RepresentativePerson>
      <Name>北京测试企业1</Name>
    </RepresentativePerson>
  </Declaration>
</Manifest>