<?xml version="1.0"?>
<Manifest xmlns:xsi="http://www.w3.org/2001/XMLSchema-instance" xmlns:xsd="http://www.w3.org/2001/XMLSchema" xmlns="urn:Declaration:datamodel:standard:CN:MT3402:1">
  <Head>
    <MessageID>CN_MT3402_1p0_0100000000000_20170221171735707</MessageID>
    <FunctionCode>2</FunctionCode>
    <MessageType>MT3402</MessageType>
    <SenderID>0100000000000_0000000000</SenderID>
    <ReceiverID>EPORT</ReceiverID>
    <SendTime>20170221171735707</SendTime>
    <Version>1.0</Version>
  </Head>
  <Declaration>
    <DeclarationOfficeID>0100</DeclarationOfficeID>
    <ID>ZTDTEST0420</ID>
    <AdditionalInformation>
      <Content>note</Content>
    </AdditionalInformation>
    <BorderTransportMeans>
      <TypeCode>3</TypeCode>
      <TransportEquipment>
        <ID>JIZHUANG001</ID>
      </TransportEquipment>
      <TransportEquipment>
        <ID>JIZHUANG002</ID>
      </TransportEquipment>
      <TransportEquipment>
        <ID>JIZHUANG003</ID>
      </TransportEquipment>
    </BorderTransportMeans>
    <Consignment>
      <GrossVolumeMeasure unitCode="MTQ">999</GrossVolumeMeasure>
      <TotalPackageQuantity unitCode="AT">233</TotalPackageQuantity>
      <GovernmentAgencyGoodsItem>
        <GoodsMeasure>
          <GrossMassMeasure unitCode="KGM">888</GrossMassMeasure>
        </GoodsMeasure>
      </GovernmentAgencyGoodsItem>
      <TransportContractDocument>
        <ID>T11</ID>
      </TransportContractDocument>
    </Consignment>
    <Consignment>
      <GrossVolumeMeasure unitCode="MTQ">2332</GrossVolumeMeasure>
      <TotalPackageQuantity unitCode="BE">211</TotalPackageQuantity>
      <GovernmentAgencyGoodsItem>
        <GoodsMeasure>
          <GrossMassMeasure unitCode="KGM">789</GrossMassMeasure>
        </GoodsMeasure>
      </GovernmentAgencyGoodsItem>
      <TransportContractDocument>
        <ID>T22</ID>
      </TransportContractDocument>
    </Consignment>
    <UnloadingLocation>
      <ArrivalDate>20141211</ArrivalDate>
      <ID>34433333333333333</ID>
    </UnloadingLocation>
  </Declaration>
</Manifest>