<?xml version="1.0"?>
<Manifest xmlns:xsi="http://www.w3.org/2001/XMLSchema-instance" xmlns:xsd="http://www.w3.org/2001/XMLSchema" xmlns="urn:Declaration:datamodel:standard:CN:MTRES4:1" xsi:schemaLocation="urn:Declaration:datamodel:standard:CN:MTRES4:1 file:///E:/%e6%b5%8b%e8%af%95%e7%9b%b8%e5%85%b3/%e6%b5%8b%e8%af%95%e9%a1%b9%e7%9b%ae/%e4%b8%ad%e5%bf%83%e9%a1%b9%e7%9b%ae%e6%b5%8b%e8%af%95/RMft%e5%85%ac%e8%b7%af%e8%88%b1%e5%8d%95/%e6%8a%a5%e6%96%87%e7%bb%93%e6%9e%8420120621/Manifest_Response_Road.xsd">
	<Head>
		<MessageID>CN_MT1401_1p0_0100000000000_20131021165555187</MessageID>
		<FunctionCode>9</FunctionCode>
		<MessageType>MT1401</MessageType>
		<SenderID>0000</SenderID>
		<ReceiverID>0100000000000_0400620001</ReceiverID>
		<SendTime>20131021165555187</SendTime>
		<Version>1.0</Version>
	</Head>
	<Response>
		<ID>ZTDTEST</ID>
		<Consignment>
		<AdditionalInformation>
		<StatementCode>01</StatementCode>
			<StatementDescription>测试中文1</StatementDescription>
		</AdditionalInformation>
		<TransportContractDocument>
		<ID>T001</ID>
		</TransportContractDocument>
		</Consignment>
			<Consignment>
		<AdditionalInformation>
		<StatementCode>01</StatementCode>
			<StatementDescription>测试中文2</StatementDescription>
		</AdditionalInformation>
		<TransportContractDocument>
		<ID>T002</ID>
		</TransportContractDocument>
		</Consignment>
	</Response>
</Manifest>
