<?xml version="1.0"?>
<Manifest xmlns:xsi="http://www.w3.org/2001/XMLSchema-instance" xmlns:xsd="http://www.w3.org/2001/XMLSchema" xmlns="urn:Declaration:datamodel:standard:CN:MT5401:1">
  <Head>
    <MessageID>CN_MT5401_1p0_0100000000000_20170221170502094</MessageID>
    <FunctionCode>3</FunctionCode>
    <MessageType>MT5401</MessageType>
    <SenderID>0100000000000_0000000000</SenderID>
    <ReceiverID>EPORT</ReceiverID>
    <SendTime>20170221170502094</SendTime>
    <Version>1.0</Version>
  </Head>
  <Declaration>
    <DeclarationOfficeID>0100</DeclarationOfficeID>
    <ID>ZTDTEST0420</ID>
    <AdditionalInformation>
      <Content>note</Content>
    </AdditionalInformation>
    <BorderTransportMeans>
      <TypeCode>3</TypeCode>
      <TransportEquipment>
        <ID>JIZHUANG001</ID>
      </TransportEquipment>
      <TransportEquipment>
        <ID>JIZHUANG002</ID>
      </TransportEquipment>
      <TransportEquipment>
        <ID>JIZHUANG003</ID>
      </TransportEquipment>
    </BorderTransportMeans>
    <Consignment>
      <TransportContractDocument>
        <ID>T11</ID>
      </TransportContractDocument>
    </Consignment>
    <Consignment>
      <TransportContractDocument>
        <ID>T22</ID>
      </TransportContractDocument>
    </Consignment>
  </Declaration>
</Manifest>