<?xml version="1.0"?>
<Manifest xmlns:xsi="http://www.w3.org/2001/XMLSchema-instance" xmlns:xsd="http://www.w3.org/2001/XMLSchema" xmlns="urn:Declaration:datamodel:standard:CN:MT4406:1">
  <Head>
    <MessageID>CN_MT4406_1p0_0100000000000_20170222104654097</MessageID>
    <FunctionCode>2</FunctionCode>
    <MessageType>MT4406</MessageType>
    <SenderID>0100000000000_0000000000</SenderID>
    <ReceiverID>EPORT</ReceiverID>
    <SendTime>20170222104654097</SendTime>
    <Version>1.0</Version>
  </Head>
  <Declaration>
    <DeclarationOfficeID>0100</DeclarationOfficeID>
    <ID>ZTDTEST0420</ID>
    <AdditionalInformation>
      <Content>note</Content>
    </AdditionalInformation>
    <Carrier>
      <ID>444444/4</ID>
    </Carrier>
    <Consignment>
      <BorderTransportMeans>
        <ArrivalDateTime>20141212111111</ArrivalDateTime>
        <ID>YUNSHUGONGJU1</ID>
        <Name>运输工具名称1</Name>
        <TypeCode>3</TypeCode>
        <Master>
          <ID>112000110</ID>
          <Name>蔡晓坡</Name>
        </Master>
        <TransportEquipment>
          <ID>TUO1</ID>
          <TareWeight unitCode="KGM">11122</TareWeight>
          <TypeCode>02</TypeCode>
        </TransportEquipment>
        <TransportEquipment>
          <ID>TUO2</ID>
          <TareWeight unitCode="KGM">23333</TareWeight>
          <TypeCode>01</TypeCode>
        </TransportEquipment>
        <TransportEquipment>
          <ID>TUO3</ID>
          <TareWeight unitCode="KGM">23999</TareWeight>
          <TypeCode>03</TypeCode>
        </TransportEquipment>
      </BorderTransportMeans>
      <GovernmentProcedure>
        <CurrentCode>RD01</CurrentCode>
      </GovernmentProcedure>
      <TransportEquipment>
        <CharacteristicCode>22B0</CharacteristicCode>
        <ID>JIZHUANG001</ID>
        <SupplierPartyTypeCode>1</SupplierPartyTypeCode>
        <TareWeight unitCode="KGM">123</TareWeight>
      </TransportEquipment>
      <TransportEquipment>
        <CharacteristicCode>20P5</CharacteristicCode>
        <ID>JIZHUANG002</ID>
        <SupplierPartyTypeCode>2</SupplierPartyTypeCode>
        <TareWeight unitCode="KGM">233</TareWeight>
      </TransportEquipment>
      <TransportEquipment>
        <CharacteristicCode>22G0</CharacteristicCode>
        <ID>JIZHUANG003</ID>
        <SupplierPartyTypeCode>3</SupplierPartyTypeCode>
        <TareWeight unitCode="KGM">444</TareWeight>
      </TransportEquipment>
    </Consignment>
    <LoadingLocation>
      <ID>34433333333333333</ID>
    </LoadingLocation>
    <RepresentativePerson>
      <Name>北京测试企业1</Name>
    </RepresentativePerson>
  </Declaration>
</Manifest>