<?xml version="1.0"?>
<Manifest xmlns:xsi="http://www.w3.org/2001/XMLSchema-instance" xmlns:xsd="http://www.w3.org/2001/XMLSchema" xmlns="urn:Declaration:datamodel:standard:CN:MT8404:1">
  <Head>
    <MessageID>CN_MT8404_1p0_0100000000000_20170222100833156</MessageID>
    <FunctionCode>2</FunctionCode>
    <MessageType>MT8404</MessageType>
    <SenderID>0100000000000_0000000000</SenderID>
    <ReceiverID>EPORT</ReceiverID>
    <SendTime>20170222100833156</SendTime>
    <Version>1.0</Version>
  </Head>
  <Declaration>
    <DeclarationOfficeID>0100</DeclarationOfficeID>
    <ID>ZTD2</ID>
    <AdditionalDocument>
      <ID>ZTDTEST0420</ID>
    </AdditionalDocument>
    <AdditionalInformation>
      <Content>备注测试</Content>
    </AdditionalInformation>
    <Consignment>
      <AdditionalDocument>
        <ID>T11</ID>
      </AdditionalDocument>
      <TransportContractDocument>
        <ID>T111</ID>
      </TransportContractDocument>
      <TransportEquipment>
        <CharacteristicCode>22B0</CharacteristicCode>
        <FullnessCode>1</FullnessCode>
        <ID>JIZHUANG0011</ID>
        <SealID>M/0000@AA</SealID>
        <SupplierPartyTypeCode>1</SupplierPartyTypeCode>
        <AdditionalDocument>
          <ID>JIZHUANG001</ID>
        </AdditionalDocument>
      </TransportEquipment>
      <TransportEquipment>
        <CharacteristicCode>20P5</CharacteristicCode>
        <FullnessCode>2</FullnessCode>
        <ID>JIZHUANG0022</ID>
        <SealID>M/0000@AA</SealID>
        <SupplierPartyTypeCode>2</SupplierPartyTypeCode>
        <AdditionalDocument>
          <ID>JIZHUANG002</ID>
        </AdditionalDocument>
      </TransportEquipment>
      <TransportEquipment>
        <CharacteristicCode>22G0</CharacteristicCode>
        <FullnessCode>3</FullnessCode>
        <ID>JIZHUANG0033</ID>
        <SealID>M/0000@AA</SealID>
        <SupplierPartyTypeCode>3</SupplierPartyTypeCode>
        <AdditionalDocument>
          <ID>JIZHUANG003</ID>
        </AdditionalDocument>
      </TransportEquipment>
    </Consignment>
    <Consignment>
      <AdditionalDocument>
        <ID>T22</ID>
      </AdditionalDocument>
      <TransportContractDocument>
        <ID>T222</ID>
      </TransportContractDocument>
      <TransportEquipment>
        <CharacteristicCode>22B0</CharacteristicCode>
        <FullnessCode>1</FullnessCode>
        <ID>JIZHUANG0011</ID>
        <SealID>M/0000@AA</SealID>
        <SupplierPartyTypeCode>1</SupplierPartyTypeCode>
        <AdditionalDocument>
          <ID>JIZHUANG001</ID>
        </AdditionalDocument>
      </TransportEquipment>
      <TransportEquipment>
        <CharacteristicCode>20P5</CharacteristicCode>
        <FullnessCode>2</FullnessCode>
        <ID>JIZHUANG0022</ID>
        <SealID>M/0000@AA</SealID>
        <SupplierPartyTypeCode>2</SupplierPartyTypeCode>
        <AdditionalDocument>
          <ID>JIZHUANG002</ID>
        </AdditionalDocument>
      </TransportEquipment>
      <TransportEquipment>
        <CharacteristicCode>22G0</CharacteristicCode>
        <FullnessCode>3</FullnessCode>
        <ID>JIZHUANG0033</ID>
        <SealID>M/0000@AA</SealID>
        <SupplierPartyTypeCode>3</SupplierPartyTypeCode>
        <AdditionalDocument>
          <ID>JIZHUANG003</ID>
        </AdditionalDocument>
      </TransportEquipment>
    </Consignment>
  </Declaration>
</Manifest>