<?xml version="1.0"?>
<Manifest xmlns:xsi="http://www.w3.org/2001/XMLSchema-instance" xmlns:xsd="http://www.w3.org/2001/XMLSchema" xmlns="urn:Declaration:datamodel:standard:CN:MT2401:1">
  <Head>
    <MessageID>CN_MT2401_1p0_0100000000000_20170221164905542</MessageID>
    <FunctionCode>9</FunctionCode>
    <MessageType>MT2401</MessageType>
    <SenderID>0100000000000_0000000000</SenderID>
    <ReceiverID>EPORT</ReceiverID>
    <SendTime>20170221164905542</SendTime>
    <Version>1.0</Version>
  </Head>
  <Declaration>
    <DeclarationOfficeID>0100</DeclarationOfficeID>
    <ID>ZTDTEST0420</ID>
    <AdditionalInformation>
      <Content>note</Content>
    </AdditionalInformation>
    <Agent>
      <ID>0100111111111</ID>
    </Agent>
    <BorderTransportMeans>
      <TypeCode>3</TypeCode>
    </BorderTransportMeans>
    <Carrier>
      <ID>444444/4</ID>
    </Carrier>
    <Consignment>
      <GrossVolumeMeasure unitCode="MTQ">999</GrossVolumeMeasure>
      <TotalPackageQuantity unitCode="AT">233</TotalPackageQuantity>
      <ValueAmount currencyID="AMD">777.00</ValueAmount>
      <Consignee>
        <ID>收货人代码</ID>
        <Name>收货人名称</Name>
        <Communication>
          <ID>13912541242</ID>
          <TypeID>TE</TypeID>
        </Communication>
        <Contact>
          <Name>收货人具体联系名称</Name>
          <Communication>
            <ID>13912541299</ID>
            <TypeID>EM</TypeID>
          </Communication>
        </Contact>
      </Consignee>
      <ConsignmentItem>
        <SequenceNumeric>1</SequenceNumeric>
        <Commodity>
          <CargoDescription>233</CargoDescription>
          <Description>2323</Description>
          <Classification>
            <ID>2000</ID>
          </Classification>
        </Commodity>
        <GoodsMeasure>
          <GrossMassMeasure unitCode="KGM">233</GrossMassMeasure>
        </GoodsMeasure>
        <Packaging>
          <QuantityQuantity unitCode="AM">222</QuantityQuantity>
        </Packaging>
      </ConsignmentItem>
      <ConsignmentItem>
        <SequenceNumeric>2</SequenceNumeric>
        <Commodity>
          <CargoDescription>tes</CargoDescription>
          <Description>34d</Description>
          <Classification>
            <ID>3005</ID>
          </Classification>
        </Commodity>
        <GoodsMeasure>
          <GrossMassMeasure unitCode="KGM">335</GrossMassMeasure>
        </GoodsMeasure>
        <Packaging>
          <QuantityQuantity unitCode="AE">333</QuantityQuantity>
        </Packaging>
      </ConsignmentItem>
      <ConsignmentItem>
        <SequenceNumeric>3</SequenceNumeric>
        <Commodity>
          <CargoDescription>tes</CargoDescription>
          <Description>sdfsdf</Description>
          <Classification>
            <ID>3006</ID>
          </Classification>
        </Commodity>
        <GoodsMeasure>
          <GrossMassMeasure unitCode="KGM">657</GrossMassMeasure>
        </GoodsMeasure>
        <Packaging>
          <QuantityQuantity unitCode="AP">444</QuantityQuantity>
        </Packaging>
      </ConsignmentItem>
      <Consignor>
        <ID>发货人代码</ID>
        <Name>发货人名称</Name>
        <Communication>
          <ID>13912541288</ID>
          <TypeID>TE</TypeID>
        </Communication>
      </Consignor>
      <Freight>
        <PaymentMethodCode>2</PaymentMethodCode>
      </Freight>
      <GovernmentAgencyGoodsItem>
        <GoodsMeasure>
          <GrossMassMeasure unitCode="KGM">888</GrossMassMeasure>
        </GoodsMeasure>
      </GovernmentAgencyGoodsItem>
      <GovernmentProcedure>
        <CurrentCode>RD06</CurrentCode>
      </GovernmentProcedure>
      <NotifyParty>
        <ID>通知人代码</ID>
        <Name>通知人名称</Name>
        <Address>
          <Line>北京市东城区东长安街1号东方广场W1座12层</Line>
        </Address>
        <Communication>
          <ID>13912541288</ID>
          <TypeID>TE</TypeID>
        </Communication>
      </NotifyParty>
      <TransportContractDocument>
        <ConditionCode>27</ConditionCode>
        <ID>T11</ID>
        <Consolidator>
          <ID>000000000</ID>
        </Consolidator>
      </TransportContractDocument>
      <TransportEquipment>
        <ID>JIZHUANG002</ID>
      </TransportEquipment>
      <TransportEquipment>
        <ID>JIZHUANG003</ID>
      </TransportEquipment>
      <TransportEquipment>
        <ID>JIZHUANG001</ID>
      </TransportEquipment>
      <UNDGContact>
        <Name>危险品联系人名称</Name>
        <Communication>
          <ID>13912541288</ID>
          <TypeID>TE</TypeID>
        </Communication>
      </UNDGContact>
    </Consignment>
    <Consignment>
      <GrossVolumeMeasure unitCode="MTQ">2332</GrossVolumeMeasure>
      <TotalPackageQuantity unitCode="BE">211</TotalPackageQuantity>
      <ValueAmount currencyID="AUD">251.00</ValueAmount>
      <Consignee>
        <ID>收货人代码</ID>
        <Name>收货人名称</Name>
        <Communication>
          <ID>13912541242</ID>
          <TypeID>TE</TypeID>
        </Communication>
        <Contact>
          <Name>收货人具体联系名称</Name>
          <Communication>
            <ID>13912541299</ID>
            <TypeID>EM</TypeID>
          </Communication>
        </Contact>
      </Consignee>
      <ConsignmentItem>
        <SequenceNumeric>1</SequenceNumeric>
        <Commodity>
          <CargoDescription>233</CargoDescription>
          <Description>2323</Description>
          <Classification>
            <ID>2000</ID>
          </Classification>
        </Commodity>
        <GoodsMeasure>
          <GrossMassMeasure unitCode="KGM">233</GrossMassMeasure>
        </GoodsMeasure>
        <Packaging>
          <QuantityQuantity unitCode="AM">222</QuantityQuantity>
        </Packaging>
      </ConsignmentItem>
      <ConsignmentItem>
        <SequenceNumeric>2</SequenceNumeric>
        <Commodity>
          <CargoDescription>tes</CargoDescription>
          <Description>34d</Description>
          <Classification>
            <ID>3005</ID>
          </Classification>
        </Commodity>
        <GoodsMeasure>
          <GrossMassMeasure unitCode="KGM">335</GrossMassMeasure>
        </GoodsMeasure>
        <Packaging>
          <QuantityQuantity unitCode="AE">333</QuantityQuantity>
        </Packaging>
      </ConsignmentItem>
      <ConsignmentItem>
        <SequenceNumeric>3</SequenceNumeric>
        <Commodity>
          <CargoDescription>tes</CargoDescription>
          <Description>sdfsdf</Description>
          <Classification>
            <ID>3006</ID>
          </Classification>
        </Commodity>
        <GoodsMeasure>
          <GrossMassMeasure unitCode="KGM">657</GrossMassMeasure>
        </GoodsMeasure>
        <Packaging>
          <QuantityQuantity unitCode="AP">444</QuantityQuantity>
        </Packaging>
      </ConsignmentItem>
      <Consignor>
        <ID>发货人代码</ID>
        <Name>发货人名称</Name>
        <Communication>
          <ID>13912541288</ID>
          <TypeID>TE</TypeID>
        </Communication>
      </Consignor>
      <Freight>
        <PaymentMethodCode>1</PaymentMethodCode>
      </Freight>
      <GovernmentAgencyGoodsItem>
        <GoodsMeasure>
          <GrossMassMeasure unitCode="KGM">789</GrossMassMeasure>
        </GoodsMeasure>
      </GovernmentAgencyGoodsItem>
      <GovernmentProcedure>
        <CurrentCode>RD09</CurrentCode>
      </GovernmentProcedure>
      <NotifyParty>
        <ID>通知人代码</ID>
        <Name>通知人名称</Name>
        <Address>
          <Line>北京市东城区东长安街1号东方广场W1座12层</Line>
        </Address>
        <Communication>
          <ID>13912541288</ID>
          <TypeID>TE</TypeID>
        </Communication>
      </NotifyParty>
      <TransitDeparture>
        <ID>5300</ID>
      </TransitDeparture>
      <TransportContractDocument>
        <ConditionCode>10</ConditionCode>
        <ID>T22</ID>
        <Consolidator>
          <ID>000000000</ID>
        </Consolidator>
      </TransportContractDocument>
      <TransportEquipment>
        <ID>JIZHUANG002</ID>
      </TransportEquipment>
      <TransportEquipment>
        <ID>JIZHUANG003</ID>
      </TransportEquipment>
      <TransportEquipment>
        <ID>JIZHUANG001</ID>
      </TransportEquipment>
      <UNDGContact>
        <Name>危险品联系人名称</Name>
        <Communication>
          <ID>13912541288</ID>
          <TypeID>TE</TypeID>
        </Communication>
      </UNDGContact>
    </Consignment>
    <LoadingLocation>
      <ID>34433333333333333</ID>
      <LoadingDateTime>20141211111111</LoadingDateTime>
    </LoadingLocation>
    <RepresentativePerson>
      <Name>北京测试企业1</Name>
    </RepresentativePerson>
  </Declaration>
</Manifest>