<?xml version="1.0"?>
<Manifest xmlns:xsi="http://www.w3.org/2001/XMLSchema-instance" xmlns:xsd="http://www.w3.org/2001/XMLSchema" xmlns="urn:Declaration:datamodel:standard:CN:MT7402:1">
  <Head>
    <MessageID>CN_MT7402_1p0_0100000000000_20170222095001046</MessageID>
    <FunctionCode>2</FunctionCode>
    <MessageType>MT7402</MessageType>
    <SenderID>0100000000000_0000000000</SenderID>
    <ReceiverID>EPORT</ReceiverID>
    <SendTime>20170222095001046</SendTime>
    <Version>1.0</Version>
  </Head>
  <Declaration>
    <DeclarationOfficeID>0100</DeclarationOfficeID>
    <ID>ZTDTEST0420</ID>
    <AdditionalInformation>
      <Content>233</Content>
    </AdditionalInformation>
    <BorderTransportMeans>
      <TypeCode>3</TypeCode>
      <TransportEquipment>
        <CharacteristicCode>22B0</CharacteristicCode>
        <FullnessCode>2</FullnessCode>
        <ID>ZTDTEST1</ID>
        <SealID>M/0000@AA</SealID>
        <SupplierPartyTypeCode>2</SupplierPartyTypeCode>
      </TransportEquipment>
    </BorderTransportMeans>
    <Consignment>
      <Consignee>
        <ID>收货人代码1</ID>
        <Name>收货人名称1</Name>
        <Communication>
          <ID>85195501</ID>
          <TypeID>EM</TypeID>
        </Communication>
        <Communication>
          <ID>85195502</ID>
          <TypeID>FX</TypeID>
        </Communication>
        <Communication>
          <ID>85195503</ID>
          <TypeID>TE</TypeID>
        </Communication>
        <Contact>
          <Name>联系人1</Name>
          <Communication>
            <ID>85195501</ID>
            <TypeID>EM</TypeID>
          </Communication>
          <Communication>
            <ID>85195502</ID>
            <TypeID>FX</TypeID>
          </Communication>
          <Communication>
            <ID>85195503</ID>
            <TypeID>TE</TypeID>
          </Communication>
        </Contact>
      </Consignee>
      <ConsignmentItem>
        <SequenceNumeric>11</SequenceNumeric>
        <Commodity>
          <CargoDescription>打发第三方第三方倒萨发送到撒旦法地方</CargoDescription>
          <Description>撒旦法倒萨发生地方撒旦法撒旦法撒旦法说的发生地</Description>
          <Classification>
            <ID>0004</ID>
          </Classification>
        </Commodity>
        <GoodsMeasure>
          <GrossMassMeasure unitCode="KGM">125</GrossMassMeasure>
        </GoodsMeasure>
        <Packaging>
          <QuantityQuantity unitCode="AT">11</QuantityQuantity>
        </Packaging>
      </ConsignmentItem>
      <NotifyParty>
        <ID>通知人代码1</ID>
        <Name>通知人名称1</Name>
        <Address>
          <Line>地址1</Line>
        </Address>
        <Communication>
          <ID>85195501</ID>
          <TypeID>EM</TypeID>
        </Communication>
        <Communication>
          <ID>85195502</ID>
          <TypeID>FX</TypeID>
        </Communication>
        <Communication>
          <ID>85195503</ID>
          <TypeID>TE</TypeID>
        </Communication>
      </NotifyParty>
      <UNDGContact>
        <Name>短发撒旦法的</Name>
        <Communication>
          <ID>85195501</ID>
          <TypeID>EM</TypeID>
        </Communication>
        <Communication>
          <ID>85195502</ID>
          <TypeID>FX</TypeID>
        </Communication>
        <Communication>
          <ID>85195503</ID>
          <TypeID>TE</TypeID>
        </Communication>
      </UNDGContact>
    </Consignment>
    <Consignment>
      <Consignee>
        <ID>收货人代码2</ID>
        <Name>收货人名称2</Name>
        <Communication>
          <ID>85195501</ID>
          <TypeID>EM</TypeID>
        </Communication>
        <Communication>
          <ID>85195502</ID>
          <TypeID>FX</TypeID>
        </Communication>
        <Communication>
          <ID>85195503</ID>
          <TypeID>TE</TypeID>
        </Communication>
        <Contact>
          <Name>联系人2</Name>
          <Communication>
            <ID>85195501</ID>
            <TypeID>EM</TypeID>
          </Communication>
          <Communication>
            <ID>85195502</ID>
            <TypeID>FX</TypeID>
          </Communication>
          <Communication>
            <ID>85195503</ID>
            <TypeID>TE</TypeID>
          </Communication>
        </Contact>
      </Consignee>
      <ConsignmentItem>
        <SequenceNumeric>22</SequenceNumeric>
        <Commodity>
          <CargoDescription>2撒旦法的发到收到</CargoDescription>
          <Description>23的说法</Description>
          <Classification>
            <ID>0009</ID>
          </Classification>
        </Commodity>
        <GoodsMeasure>
          <GrossMassMeasure unitCode="KGM">23434123</GrossMassMeasure>
        </GoodsMeasure>
        <Packaging>
          <QuantityQuantity unitCode="BG">222</QuantityQuantity>
        </Packaging>
      </ConsignmentItem>
      <NotifyParty>
        <ID>通知人代码2</ID>
        <Name>通知人名称2</Name>
        <Address>
          <Line>地址2</Line>
        </Address>
        <Communication>
          <ID>85195501</ID>
          <TypeID>EM</TypeID>
        </Communication>
        <Communication>
          <ID>85195502</ID>
          <TypeID>FX</TypeID>
        </Communication>
        <Communication>
          <ID>85195503</ID>
          <TypeID>TE</TypeID>
        </Communication>
      </NotifyParty>
      <UNDGContact>
        <Name>短发撒旦法的</Name>
        <Communication>
          <ID>85195501</ID>
          <TypeID>EM</TypeID>
        </Communication>
        <Communication>
          <ID>85195502</ID>
          <TypeID>FX</TypeID>
        </Communication>
        <Communication>
          <ID>85195503</ID>
          <TypeID>TE</TypeID>
        </Communication>
      </UNDGContact>
    </Consignment>
    <Consignment>
      <Consignee>
        <ID>收货人代码3</ID>
        <Name>收货人名称3</Name>
        <Communication>
          <ID>85195501</ID>
          <TypeID>EM</TypeID>
        </Communication>
        <Communication>
          <ID>85195502</ID>
          <TypeID>FX</TypeID>
        </Communication>
        <Communication>
          <ID>85195503</ID>
          <TypeID>TE</TypeID>
        </Communication>
        <Contact>
          <Name>联系人3</Name>
          <Communication>
            <ID>85195501</ID>
            <TypeID>EM</TypeID>
          </Communication>
          <Communication>
            <ID>85195502</ID>
            <TypeID>FX</TypeID>
          </Communication>
          <Communication>
            <ID>85195503</ID>
            <TypeID>TE</TypeID>
          </Communication>
        </Contact>
      </Consignee>
      <ConsignmentItem>
        <SequenceNumeric>33</SequenceNumeric>
        <Commodity>
          <CargoDescription>243撒旦法第三方第三方撒分撒旦分撒旦</CargoDescription>
          <Description>23的萨法第三方撒旦法</Description>
          <Classification>
            <ID>2005</ID>
          </Classification>
        </Commodity>
        <GoodsMeasure>
          <GrossMassMeasure unitCode="KGM">23324324</GrossMassMeasure>
        </GoodsMeasure>
        <Packaging>
          <QuantityQuantity unitCode="BC">22</QuantityQuantity>
        </Packaging>
      </ConsignmentItem>
      <NotifyParty>
        <ID>通知人代码3</ID>
        <Name>通知人名称3</Name>
        <Address>
          <Line>地址3</Line>
        </Address>
        <Communication>
          <ID>85195501</ID>
          <TypeID>EM</TypeID>
        </Communication>
        <Communication>
          <ID>85195502</ID>
          <TypeID>FX</TypeID>
        </Communication>
        <Communication>
          <ID>85195503</ID>
          <TypeID>TE</TypeID>
        </Communication>
      </NotifyParty>
      <UNDGContact>
        <Name>短发撒旦法的</Name>
        <Communication>
          <ID>85195501</ID>
          <TypeID>EM</TypeID>
        </Communication>
        <Communication>
          <ID>85195502</ID>
          <TypeID>FX</TypeID>
        </Communication>
        <Communication>
          <ID>85195503</ID>
          <TypeID>TE</TypeID>
        </Communication>
      </UNDGContact>
    </Consignment>
    <GoodsShipment>
      <StuffingEstablishment>
        <StuffingDateTime>20141212111111</StuffingDateTime>
      </StuffingEstablishment>
    </GoodsShipment>
    <LoadingLocation>
      <ID>010025255</ID>
    </LoadingLocation>
    <RepresentativePerson>
      <Name>北京测试企业1</Name>
    </RepresentativePerson>
  </Declaration>
</Manifest>