<?xml version="1.0"?>
<Manifest xmlns:xsi="http://www.w3.org/2001/XMLSchema-instance" xmlns:xsd="http://www.w3.org/2001/XMLSchema" xmlns="urn:Declaration:datamodel:standard:CN:MT5401:1">
  <Head>
    <MessageID>CN_MT5401_1p0_0100000000000_20170221170411976</MessageID>
    <FunctionCode>2</FunctionCode>
    <MessageType>MT5401</MessageType>
    <SenderID>0100000000000_0000000000</SenderID>
    <ReceiverID>EPORT</ReceiverID>
    <SendTime>20170221170411976</SendTime>
    <Version>1.0</Version>
  </Head>
  <Declaration>
    <DeclarationOfficeID>0100</DeclarationOfficeID>
    <ID>ZTDTEST0420</ID>
    <AdditionalInformation>
      <Content>note</Content>
    </AdditionalInformation>
    <BorderTransportMeans>
      <TypeCode>3</TypeCode>
      <TransportEquipment>
        <ID>JIZHUANG001</ID>
        <AdditionalInformation>
          <Content>sdfdsfnono似懂非懂</Content>
        </AdditionalInformation>
      </TransportEquipment>
      <TransportEquipment>
        <ID>JIZHUANG002</ID>
        <AdditionalInformation>
          <Content>zzd地方大萨菲的</Content>
        </AdditionalInformation>
      </TransportEquipment>
      <TransportEquipment>
        <ID>JIZHUANG003</ID>
        <AdditionalInformation>
          <Content>三十三地方第三方dds</Content>
        </AdditionalInformation>
      </TransportEquipment>
    </BorderTransportMeans>
    <Consignment>
      <GrossVolumeMeasure unitCode="MTQ">999</GrossVolumeMeasure>
      <TotalPackageQuantity unitCode="AT">233</TotalPackageQuantity>
      <GovernmentAgencyGoodsItem>
        <GoodsMeasure>
          <GrossMassMeasure unitCode="KGM">888</GrossMassMeasure>
        </GoodsMeasure>
      </GovernmentAgencyGoodsItem>
      <TransportContractDocument>
        <ID>T11</ID>
      </TransportContractDocument>
    </Consignment>
    <Consignment>
      <GrossVolumeMeasure unitCode="MTQ">2332</GrossVolumeMeasure>
      <TotalPackageQuantity unitCode="BE">211</TotalPackageQuantity>
      <GovernmentAgencyGoodsItem>
        <GoodsMeasure>
          <GrossMassMeasure unitCode="KGM">789</GrossMassMeasure>
        </GoodsMeasure>
      </GovernmentAgencyGoodsItem>
      <TransportContractDocument>
        <ID>T22</ID>
      </TransportContractDocument>
    </Consignment>
    <Control>
      <InspectionEndDateTime>20141212121212</InspectionEndDateTime>
      <InspectionStartDateTime>20141111111111</InspectionStartDateTime>
    </Control>
    <Submitter>
      <ID>000000000</ID>
      <Contact>
        <Name>理货责任人名称</Name>
        <Communication>
          <ID>13912541288</ID>
          <TypeID>TE</TypeID>
        </Communication>
      </Contact>
    </Submitter>
    <UnloadingLocation>
      <ID>102012</ID>
    </UnloadingLocation>
  </Declaration>
</Manifest>