<?xml version="1.0"?>
<Manifest xmlns:xsi="http://www.w3.org/2001/XMLSchema-instance" xmlns:xsd="http://www.w3.org/2001/XMLSchema" xmlns="urn:Declaration:datamodel:standard:CN:MT4402:1">
  <Head>
    <MessageID>CN_MT4402_1p0_0100000000000_20170222102643555</MessageID>
    <FunctionCode>2</FunctionCode>
    <MessageType>MT4402</MessageType>
    <SenderID>0100000000000_0000000000</SenderID>
    <ReceiverID>EPORT</ReceiverID>
    <SendTime>20170222102643555</SendTime>
    <Version>1.0</Version>
  </Head>
  <Declaration>
    <DeclarationOfficeID>0100</DeclarationOfficeID>
    <ID>ZTDTEST0420</ID>
    <AdditionalInformation>
      <Content>note</Content>
    </AdditionalInformation>
    <Carrier>
      <ID>444444/4</ID>
    </Carrier>
    <Consignment>
      <BorderTransportMeans>
        <ArrivalDateTime>20141212111111</ArrivalDateTime>
        <ID>YUNSHUGONGJU1</ID>
        <Name>运输工具名称1</Name>
        <TypeCode>3</TypeCode>
        <Master>
          <ID>112000110</ID>
          <Name>蔡晓坡</Name>
        </Master>
        <TransportEquipment>
          <ID>TUO101</ID>
          <TareWeight unitCode="KGM">11122</TareWeight>
          <TypeCode>02</TypeCode>
        </TransportEquipment>
        <TransportEquipment>
          <ID>TUO202</ID>
          <TareWeight unitCode="KGM">23333</TareWeight>
          <TypeCode>01</TypeCode>
        </TransportEquipment>
        <TransportEquipment>
          <ID>TUO303</ID>
          <TareWeight unitCode="KGM">23999</TareWeight>
          <TypeCode>03</TypeCode>
        </TransportEquipment>
      </BorderTransportMeans>
      <TransportEquipment>
        <CharacteristicCode>22B0</CharacteristicCode>
        <FullnessCode>1</FullnessCode>
        <ID>JIZHUANG00101</ID>
        <SealID>M/0000@AA</SealID>
        <SupplierPartyTypeCode>1</SupplierPartyTypeCode>
        <TareWeight unitCode="KGM">123</TareWeight>
      </TransportEquipment>
      <TransportEquipment>
        <CharacteristicCode>20P5</CharacteristicCode>
        <FullnessCode>2</FullnessCode>
        <ID>JIZHUANG00202</ID>
        <SealID>M/0000@AA</SealID>
        <SupplierPartyTypeCode>2</SupplierPartyTypeCode>
        <TareWeight unitCode="KGM">233</TareWeight>
      </TransportEquipment>
      <TransportEquipment>
        <CharacteristicCode>22G0</CharacteristicCode>
        <FullnessCode>3</FullnessCode>
        <ID>JIZHUANG00303</ID>
        <SealID>M/0000@AA</SealID>
        <SupplierPartyTypeCode>3</SupplierPartyTypeCode>
        <TareWeight unitCode="KGM">444</TareWeight>
      </TransportEquipment>
    </Consignment>
    <Consignment>
      <BorderTransportMeans>
        <ArrivalDateTime>20141212111111</ArrivalDateTime>
        <ID>YUNSHUGONGJU2</ID>
        <Name>运输工具名称2</Name>
        <TypeCode>3</TypeCode>
        <Master>
          <ID>12215221</ID>
          <Name>第三方</Name>
        </Master>
        <TransportEquipment>
          <ID>TUO111</ID>
          <TareWeight unitCode="KGM">11122</TareWeight>
          <TypeCode>02</TypeCode>
        </TransportEquipment>
        <TransportEquipment>
          <ID>TUO212</ID>
          <TareWeight unitCode="KGM">23333</TareWeight>
          <TypeCode>01</TypeCode>
        </TransportEquipment>
        <TransportEquipment>
          <ID>TUO313</ID>
          <TareWeight unitCode="KGM">23999</TareWeight>
          <TypeCode>03</TypeCode>
        </TransportEquipment>
      </BorderTransportMeans>
      <TransportEquipment>
        <CharacteristicCode>22B0</CharacteristicCode>
        <FullnessCode>1</FullnessCode>
        <ID>JIZHUANG00111</ID>
        <SealID>M/0000@AA</SealID>
        <SupplierPartyTypeCode>1</SupplierPartyTypeCode>
        <TareWeight unitCode="KGM">123</TareWeight>
      </TransportEquipment>
      <TransportEquipment>
        <CharacteristicCode>20P5</CharacteristicCode>
        <FullnessCode>2</FullnessCode>
        <ID>JIZHUANG00212</ID>
        <SealID>M/0000@AA</SealID>
        <SupplierPartyTypeCode>2</SupplierPartyTypeCode>
        <TareWeight unitCode="KGM">233</TareWeight>
      </TransportEquipment>
      <TransportEquipment>
        <CharacteristicCode>22G0</CharacteristicCode>
        <FullnessCode>3</FullnessCode>
        <ID>JIZHUANG00313</ID>
        <SealID>M/0000@AA</SealID>
        <SupplierPartyTypeCode>3</SupplierPartyTypeCode>
        <TareWeight unitCode="KGM">444</TareWeight>
      </TransportEquipment>
    </Consignment>
    <RepresentativePerson>
      <Name>北京测试企业1</Name>
    </RepresentativePerson>
  </Declaration>
</Manifest>