<?xml version="1.0"?>
<Manifest xmlns:xsi="http://www.w3.org/2001/XMLSchema-instance" xmlns:xsd="http://www.w3.org/2001/XMLSchema" xmlns="urn:Declaration:datamodel:standard:CN:MT1401:1">
  <Head>
    <MessageID>CN_MT1401_1p0_0100000000000_20170221163552206</MessageID>
    <FunctionCode>3</FunctionCode>
    <MessageType>MT1401</MessageType>
    <SenderID>0100000000000_0000000000</SenderID>
    <ReceiverID>EPORT</ReceiverID>
    <SendTime>20170221163552206</SendTime>
    <Version>1.0</Version>
  </Head>
  <Declaration>
    <DeclarationOfficeID>0100</DeclarationOfficeID>
    <ID>ZTDTEST0420</ID>
    <AdditionalInformation>
      <Content>note</Content>
    </AdditionalInformation>
    <BorderTransportMeans>
      <TypeCode>3</TypeCode>
    </BorderTransportMeans>
    <Consignment>
      <TransportContractDocument>
        <ID>T11</ID>
        <Amendment>
          <ChangeReasonCode>001</ChangeReasonCode>
        </Amendment>
      </TransportContractDocument>
    </Consignment>
    <Consignment>
      <TransportContractDocument>
        <ID>T22</ID>
        <Amendment>
          <ChangeReasonCode>001</ChangeReasonCode>
        </Amendment>
      </TransportContractDocument>
    </Consignment>
    <RepresentativePerson>
      <Name>北京测试企业1</Name>
    </RepresentativePerson>
  </Declaration>
</Manifest>